id,part_one,separator,part_two,category
1,Va răsări soarele,și,pe ulița noastră.,nature
2,A ajuns un papugiu,""",""",țipă ca un surugiu.,wisdom
3,A dat Dumnezeu boale,dar,a dat și leacuri.,wisdom
4,A luat meșterul ilăul,""",""",strică bun și fac răul.,wisdom
5,A nu avea nici sfânt,""",""",nici Dumnezeu.,divine
6,A tăcut cucul,""",""",a trecut vara.,wisdom
7,A vorbit într-un ceas rău,că,l-a lăsat Dumnezeu.,wisdom
8,A vorbit și nea Ion,că,este și el om.,nature
9,Ai început să te uiți numai la Dumnezeu,ca,găina când bea apă.,nature
10,Ai lucrat bine vara,""",""",ai și grâu și secară.,wisdom
11,Ai scăpat vremea,""",""",ai scăpat roada.,wisdom
12,Așa-i omul,""",""","""dacă moare, nu mai bea.""",nature
13,Aurul se încearcă la foc,și,prietenul la nevoie.,social
14,Azi aici,""",""",mâine-n Focșani.,wisdom
15,Baba a căzut din pod,și,tot s-a hodinit la jumătate.,wisdom
16,Baba bătrână nu se teme, ,de vorba groasă.,social
17,Baba călătoare, ,n-are sărbătoare.,wisdom
18,Bacșisul să fie cât de mic,""",""",că-l vrea și domn și calic.,nature
19,"""Bagă-l în casă, te fură""",""",""","""dă-l afară, te înjură.""",wisdom
20,Bani au mulți,însă,cinste n-au toți.,work
21,Barba lasă să se ducă,""",""",capul să trăiască.,wisdom
22,Barbă lungă,""",""",minte scurtă.,wisdom
23,Bărbatul zice-n fluier,""",""",muierea plânge de foame.,love
24,Bat-o vina de gură,că,n-o poți înconjura.,social
25,Bătăuș nu-s,că,toți mă bat.,wisdom
26,Bate fierul, ,cât e cald.,nature
27,Bate toba în Moldova,și,s-aude la Craiova.,divine
28,Bate toba surdului,""",""",dă oglinda orbului.,wisdom
29,Bătrânu-și amintește,""",""",tânărul trăiește.,wisdom
30,Băutura cine-o iubește,""",""",la sfârșit se prea căiește.,love
31,Bea,până,cade în șanț.,wisdom
32,Bea cu oala să fugă boala,și,cu ploschița să-și ude gurița.,wisdom
33,Beleaua lui Costache, ,o trage Iordache.,wisdom
34,Beția nu e frumoasă,și,nici sănătoasă.,love
35,Bețivanul când merge pe punte,""",""",închide ochii să nu cadă.,wisdom
36,Bețivul cu un gând,și,cârciumarul cu alt gând.,wisdom
37,Bețivul se învață cu beția,""",""",ca tâlharul cu hoția.,wisdom
38,Bine este să asculți,și,sfatul unei neveste.,wisdom
39,Bine zice moș Arvinte,:,vai de cap unde nu-i minte.,wisdom
40,Binele de rău te scapă,""",""",să-l arunci chiar și în apă.,wisdom
41,Bogăția trece dealul,și,tu rămâi cu amarul.,wisdom
42,Bolnav de moarte,și,mâncă de toate.,death
43,Bucățica din mâna străină, ,pare mai mare.,work
44,Bucurie goală,""",""",traistă ușoară.,divine
45,Bun om,""",""",păcat că mor alții înaintea lui.,nature
46,C-un picior în groapă,și,cu altul afară.,nature
47,Ca necinstea,""",""",nici o pedeapsă mai grea.,nature
48,Ca răbdarea la necaz,""",""",nici un leac mai bun.,wisdom
49,Ca să te poți scărpina bine,""",""",trebuie să ai de cine.,wisdom
50,"""Că-i laie, că-i bălaie""",""",""","""ba una, ba alta.""",wisdom
51,Căința din urmă,să,nu fie mai mare decât ce dintâi.,work
52,Călătorului îi șade bine cu drumul,ca și,calului cu frâul.,nature
53,Călugărul și cerșetorul, ,sunt totuna.,wisdom
54,Când ai bani,""",""",ai și dușmani.,work
55,Când ai bani,""",""",ai și noroc.,work
56,Când ai nevoie,""",""",îndrăznești fără a mai aștepta să fii poftit.,work
57,Când ar fi numai un cerșetor,""",""",toți cu zahăr l-ar hrăni.,work
58,Când arde moara,și,șoarecii se prăpădesc.,wisdom
59,Când are toate adunate,""",""",atunci la toți este frate.,wisdom
60,Când aud de zi de lucru,""",""",mi se îngrelează trupul.,work
61,Când cântă cocoșul,""",""",se scoală moșul.,wisdom
62,Când casa ta are sete,""",""",nu vărsa apă pe drumuri.,nature
63,Când cei de jos greșesc,""",""",este nădejde de tămăduire.,wisdom
64,"Când dă Dumnezeu, dă,",iar,"când ia, apoi îți ia și cenușa din vatră.",wisdom
65,Când dai,""",""",nu iei.,wisdom
66,Când doi se bat,""",""",al treilea câștigă.,wealth
67,Când doi spun că ești beat,""",""",du-te și te culcă.,wisdom
68,Când Dumnezeu nu-i acasă,""",""",sfinții își fac de cap.,wisdom
69,Când e minte,""",""",nu se vinde.,wisdom
70,Când ești cu el,ca și,cum ai fi singur.,wisdom
71,Când ești poftit la o masă,""",""",pleacă sătul de acasă.,wisdom
72,"Când eu cumpăr, nimeni nu vinde",când,"eu vând, nimeni nu cumpără.",wisdom
73,Când geme mortul,și,dracul moare de necaz.,death
74,Când grăiesc femeile la izvor,""",""",să știi că-i drept.,wisdom
75,Când iese urzica,""",""",se lasă furca.,wisdom
76,Când îi bătălia mai mare,""",""",își ia picioarele-n spinare.,work
77,Când îi bine de trăit,""",""",atunci am îmbătrânit.,wisdom
78,Când îi dă Dumnezeu,""",""",nici dracu’ n-are ce-i face.,divine
79,"Când îi dai, îi fată iapa",când,"îi ceri, îi moare mânzul.",death
80,Când îi merge omului,""",""",îi merge în toate.,nature
81,Când îi vorbi,""",""","""pune-ți trei lăcăți: la inimă, la gât și la gură.""",love
82,Când îl bați pe coconaș,""",""","""ori bate-l cum se cade, ori nu te mai încurca.""",work
83,Când îl cuprinde pe om lenea,""",""",sărăcia i se suie-n spate.,nature
84,"Când îmi merge bine, toți îs cu mine",când,"îmi merge rău, rămân numai eu.",wisdom
85,Când înfloresc salcâmii,""",""",nu mai bate bruma.,work
86,Când îngheață balta,""",""",se duce și el să prindă pește.,wisdom
87,Când iubești,să,ai răbdare.,wisdom
88,Când m-am săturat de borș cu sfeclă,""",""",îmi aduce purcel fript.,wisdom
89,Când mi-i sete să-mi dai apă,iar,nu fierea după ce-mi crapă.,nature
90,Când mi-oi vedea, ,ceafa.,wisdom
91,Când moare ciobanul,""",""",se împrăștie oile.,death
92,Când n-ai frumos,""",""",pupi și mucos.,love
93,Când n-ai ochi negri,""",""",săruți și albaștri.,wisdom
94,Când n-are plugarul,nici,nădrăgarul.,work
95,Când nenorocirea doarme,""",""",ferește-te s-o deștepți.,hardship
96,Când nici nu te gândești,""",""",atunci te trântește.,wisdom
97,Când nimeni nu va vorbi de tine,""",""",mai bine să te îneci.,work
98,Când norocu-și schimbă pasul,""",""",n-aduce anul cât aduce ceasul.,wisdom
99,Când norodul te urăște,""",""",cinstea și puterea ta îndată se sfârșește.,nature
100,Când nu ajung multe la toate,""",""","""cum o dai, tot ruptă-n coate.""",wisdom
101,Când nu este socotință,""",""",socoteala merge rău.,wisdom
102,Când nu putem face ce voim,""",""",trebuie să voim ce putem.,wisdom
103,Când nu te gândești,""",""",atunci te trântești.,wisdom
104,Când nu-i prietenie,""",""",spor în lucru n-o să fie.,work
105,Când o face salcia mere,și,răchita micșunele.,wisdom
106,Când o fi la mijloc banii,""",""",nu se mai întreabă anii.,work
107,Când omul se silește,și,Dumnezeu îl ajută.,nature
108,Când puterea se sfârșește,""",""",inima la ce slujește?,wisdom
109,Când s-au dat noroacele,""",""",eu eram cu vacile.,wisdom
110,Când se ceartă împărații,""",""",mor soldații.,wisdom
111,Când se culcă grâul,""",""",se scoală stâpânul.,wisdom
112,Când se lasă ceața jos,""",""",este semn de timp frumos.,love
113,Când se rupe o verigă,""",""",tot lanțul se desface.,wisdom
114,Când se trage clopotul cel mare,""",""",cele mici nu se mai aud.,work
115,Când seacă lacul,""",""",se vede peștele.,wisdom
116,Când șezi între înțelepți,să,asculți mai mult decât să vorbești.,work
117,Când sunt zile și noroc,""",""",scapi din apă și din foc.,nature
118,Când tai răzorul altuia,""",""",atâta taie altul pe al tău.,wisdom
119,Când te arde cărbunele,""",""",îl arunci și în barba lui tat-tău.,wisdom
120,Când te bate Dumnezeu,""",""",nu te mai poate milui nimeni.,work
121,"Când te-a înșelat cineva odată, e de vină el",când,"te-a înșelat a doua oară, ești de vină singur.",wisdom
122,Când te-a scăpa Dumnezeu,""",""",dracu’ te și apucă.,divine
123,Când ți se pune dracul pe țundră,""",""","""trebuie ori s-o tai, ori să i-o lași.""",divine
124,Când ți-e brânza mai proaspătă,""",""",n-ai smântână.,work
125,Când tragi clopotele la Hotin,""",""",s-aude la Ismail.,work
126,Când treci țara orbilor,""",""",închide și tu un ochi.,wisdom
127,Când vede omul nevoia,""",""",vorbește ce nu-i e voia.,nature
128,Cându-i să te ia dracu’,""",""","""te ia și din biserică, ca pe Macehala.""",divine
129,Cap ai,""",""",minte ce-ți mai trebuie.,wisdom
130,Căpăstru are,""",""",îi mai trebuie cal.,nature
131,Capul ca maiul,""",""",gâtul cât îi paiul.,work
132,Capul face,""",""",trupul trage.,wisdom
133,Capul să fie sănătos,că,belelele curg gârlă.,wisdom
134,Cârciumarului îi place bețivul,dar,fata după dânsul n-o mărită.,wisdom
135,Care ascultă la ușă,""",""",își aude defaima.,wisdom
136,Care începe bine,""",""",sfârșește frumos.,love
137,Care însuși face,""",""",face cât trei.,wisdom
138,Casa e casă,când,ai o gospodină în casă.,wisdom
139,"""Casa-i goală, ca o oală""",""",""",de n-are de ce se prinde mâța.,wisdom
140,Căscatul dintâi, ,cere căpătâi.,wisdom
141,Cât de mică picătura,și,tot găurește piatra.,wisdom
142,Cât de rău să trăiască omul,tot,nu se îndură să moară.,nature
143,Cât de strâmb vrei să șezi,dar,vorba dreaptă s-o așezi.,social
144,Cât e baba de bătrână,""",""",tot dorește voie bună.,wisdom
145,Cât e moșul de bătrân,""",""",tot dorește măr în sân.,hardship
146,Cât ține nunta,""",""",slugile sunt scutite de bătaie.,wisdom
147,Câtă pânză ai lucrat,""",""",apusul soarelui ți-o arată.,nature
148,Cătătura dulce, ,la dragoste duce.,love
149,"""Câte belele, câte bube rele""",""",""",toate-n capul babei mele.,wisdom
150,Câte capete,""",""",atâtea păreri.,wisdom
151,Câte flori sunt pe pământ,""",""",toate se duc în mormânt.,wisdom
152,Câte sate a umblat,""",""",atâtea meșteșuguri a învătat.,wisdom
153,Câte-n lume se nasc,""",""",mor toate.,social
154,Câți cu nădragi,""",""",toți îi sunt dragi.,love
155,Caut una,și,dau peste alta.,wisdom
156,Caută ce n-a pierdut,și,găsește ce n-a vrut.,wisdom
157,Caută luleaua,și,e cu ea în gură.,social
158,Caută nod, ,în mămăligă.,wisdom
159,Caută pe dracu’,și,nu-l găsește.,divine
160,Ce apucă pământul,""",""",lesne se uită.,wisdom
161,Ce dai săracilor,""",""",ție-ți dai.,wealth
162,Ce e astăzi,""",""",mâine nu e.,wisdom
163,Ce e gras,""",""",e și frumos.,love
164,Ce e în inima treazului,""",""",stă în gura bețivului.,wisdom
165,Ce face la beție,""",""",se căiește la trezie.,wisdom
166,Ce folos de chip frumos,dacă,nu e lipicios.,love
167,Ce înghite pământul,""",""",viață nu mai are.,work
168,Ce intra-n gură nu e păcat,ce,"""iese din gură, aceea e mare păcat.""",social
169,Ce se naște,""",""",moare.,death
170,Ce spui la ureche,""",""",în pădure se aude.,wisdom
171,Ce-a câștigat într-o vară,""",""",a băut într-o seară.,wealth
172,Ce-a fost verde s-a uscat,""",""",ce-a fost dulce s-a mâncat.,wisdom
173,Ce-am avut,și,ce-am pierdut.,wisdom
174,Ce-am fost ieri,""",""",nu sunt azi.,wisdom
175,Ce-i drept,""",""",nu-i păcat.,wisdom
176,Ce-i drept,și,lui Dumnezeu îi place.,wisdom
177,Ce-și face omul singur,""",""",nici dracu' nu desface.,nature
178,Ceasul e bun,""",""",până n-a fost pe mâna ceasornicarului.,wisdom
179,Ceea ce e curat,""",""",n-are trebuință de spălat.,wisdom
180,Cel ce nu lucrează ziua,""",""",flămânzește noaptea.,wisdom
181,Cel ce se teme de moarte,""",""",aleargă după ea.,death
182,Cel înțelept învață,din,înșelăciunea cea dintâi.,wisdom
183,Chibzuința e soră,cu,iscusința.,wisdom
184,Chipul cel frumos, ,tare-i drag și lipicios.,love
185,Cinci degete la o mână,și,nu seamănă unul cu altul.,wisdom
186,Cine adună la tinerețe,""",""",are la bătrânețe.,wisdom
187,Cine aleargă mult,""",""",mănâncă unt.,wisdom
188,Cine are barbă,""",""",să-și cumpere și pieptene.,wisdom
189,Cine are minte,nu,se amestecă în gâlceava altora.,wisdom
190,Cine are vreme,""",""",să n-o piarză.,wisdom
191,Cine are-un meșteșug,""",""",nu trage ca vita-n jug.,wisdom
192,Cine bea pân’ la-mbătare,""",""",nume bun în lume n-are.,wisdom
193,Cine cade în gârlă,""",""",de ploaie nu se mai ferește.,nature
194,Cine caută pe dracu’,""",""",întotdeauna îl găsește.,divine
195,Cine caută vreme,""",""",pierde vremea.,wisdom
196,Cine e bun,""",""",place și lui Dumnezeu.,wisdom
197,Cine e sfânt,""",""",pe așternut moale nu doarme.,divine
198,Cine e viteaz,""",""",în urma războiului se cunoaște.,wisdom
199,Cine începe cu Dumnezeu,cu,Dumnezeu sfârșește.,wisdom
200,Cine intră în cârciumă,""",""",nu intră să se închine.,hardship
201,Cine iubește,""",""",iartă.,love
202,Cine la tinerețe e leneș,""",""",suferă la bătrânețe.,wisdom
203,Cine lucrează și tace,""",""",mai multă treabă face.,work
204,Cine mai adânc ară,""",""",mai mult cară.,work
205,Cine moare,""",""",groapa lui și-o astupă.,death
206,Cine moare,""",""",nu mai vine.,death
207,Cine muncește și învață,""",""",om deștept devine-n viață.,wisdom
208,Cine n-are belea,""",""",Dumnezeu să-i dea.,wisdom
209,Cine n-are noroc,""",""",să-l caute.,wisdom
210,Cine noroc are,""",""",pune piatră și răsare.,wisdom
211,Cine nu deschide ochii,""",""",deschide punga.,wisdom
212,Cine nu este dator,""",""",este foarte bogat.,wealth
213,Cine nu își vrea binele,să,nu i-l dea Domnul.,nature
214,Cine nu muncește,""",""",nu știe ce-i odihna.,wisdom
215,Cine nu poate răbda,""",""",nu mănâncă poamă coaptă.,wisdom
216,Cine păgubește,""",""",se înțelepțește.,wisdom
217,Cine pune cu dracul în plug,""",""",scoate boii fără coarne.,divine
218,Cine se codește mult,""",""",face puțin.,wisdom
219,Cine se duce să se roage sfântului,""",""",să-i ducă lumânare cu tămâie.,divine
220,Cine se învață,""",""",moartea îl desvață.,wisdom
221,Cine se iubește,""",""",în tot locul se-ntâlnește.,love
222,Cine se joacă cu dracu’,""",""",dă și peste tat-său.,divine
223,Cine se teme de moarte,""",""",și-a pierdut viața.,death
224,Cine șede,""",""",își leagă norocul.,wisdom
225,Cine te iubește,""",""",acela te lecuiește.,love
226,Cine vede nașterea,""",""",vede și moartea.,death
227,Cine-i cu noroc,""",""",e și cu minte.,wisdom
228,Cine-i frumos îi tot frumos,și,din față și din dos.,love
229,Cine-ntr-altă lege sare,""",""",nici un Dumnezeu nu are.,wisdom
230,Cinste dai,""",""",cinste ai.,wisdom
231,Cinste dai,""",""",cinste găsești.,wisdom
232,Cinstea nu se cumpără,nici,nu se vinde.,nature
233,Cinstea odată pierdută,""",""",greu se capătă iară.,nature
234,Cinstea preț n-are,""",""",fericit cel ce o are.,nature
235,Cinstea se adună greu,dar,se risipește ușor.,nature
236,Cinstea se câștigă prin muncă,și,fapte bune.,wisdom
237,Cinstea și hărnicia,""",""",iată omenia.,nature
238,Cinstea-i,cum,și-o face omul.,nature
239,Cinstea-i mai scumpă,decât,toate.,nature
240,Cinstea-i pasăre sălbatică,dacă,o scapi n-o mai prinzi.,nature
241,Cireșele trec,dar,obrazul rămâne.,wisdom
242,Clopotul numai atunci sună,""",""",când îl tragi.,work
243,Coada cap când ajunge,""",""",crede că poate împunge.,wisdom
244,Crăciunul sătul,""",""",Paștele fudul.,wisdom
245,Crâșma cui îi place,""",""",boi în jug nu face.,wisdom
246,Cu bărbatul băutor,""",""",nu faci pită în cuptor.,love
247,Cu capul,nu,spargi zidul.,wisdom
248,Cu dreptatea pe Vanghelie jură,și,cu stânga fură.,wisdom
249,Cu frumusețea,nu,ții casa.,love
250,Cu gândul la Dumnezeu,și,cu mâna prin sânul meu.,wisdom
251,Cu nădejdea te duci,și,în groapă.,nature
252,Cu o falcă în cer,și,alta în pământ.,wisdom
253,Cu obrazul gros și semeț,și,cu gura de orbeț.,wisdom
254,Cu plânsul,nu,se înviază morții.,wisdom
255,Cu răbdarea treci și marea,dar,cu răul nici părăul.,wisdom
256,Cu voință de oțel,""",""",totdeauna ajungi la țel.,wisdom
257,Cu vrajba și urgia, ,raiul n-o să dobândești.,divine
258,Cui i se croiește rău,""",""",rău îi merge.,wisdom
259,Cum e sfântul,""",""",așa-i și tămâia.,divine
260,Cum îi dracu’,""",""",așa-i și tată-său.,divine
261,Cum ți-i partea și norocul,""",""",așa ți-i pe lume locul.,social
262,Cumpără la timp,și,vei avea la nevoie.,wisdom
263,D-aci înainte ciobu’,și,lumânarea.,wisdom
264,D-aci înainte sapa,și,lopata.,wisdom
265,Dă cu negru peste verde,că,stăpânul nu ne vede.,wisdom
266,Dă din mâini,și,ceru-ți va ajuta.,wisdom
267,Dă Doamne cui ai mai dat,că,"""de-i da cui n-ai mai dat, s-o mira ce l-o aflat.""",work
268,Dă-mi doamne,""",""",puterea tânărului și mintea bătrânului.,wisdom
269,Dac-ai ști unde-ai cădea,""",""",măcar paie ți-ai așterne.,wisdom
270,Dacă ai picioare,""",""",cată-le și încălțare.,wisdom
271,Dacă are omul noroc,măcar,să samene cărbuni și tot se face.,nature
272,Dacă Dumnezeu ar fi dat porcului coarne,""",""",răsturna Pământul.,wisdom
273,Dacă n-ai noroc și parte,""",""",degeaba te scoli de noapte.,wisdom
274,Dacă nu semeni păpușoii la vreme,""",""",pune melesteul pe foc.,wisdom
275,Dacă nu-ți merge de dimineață,să,știi că nu-ți merge ziua întreagă.,wisdom
276,Dacă omul cade,""",""",îi piere și umbra.,nature
277,Dai un deget,și,îți ia mâna toată.,wisdom
278,Dar din dar, ,se face raiul.,divine
279,De când lumea,și,Ardealul.,social
280,De ce beau la băutură,""",""",de ce am inimă bună.,wisdom
281,De ce te temi,""",""",de aceea nu scapi.,wisdom
282,De departe trandafir,""",""",de aproape borș cu știr.,wisdom
283,De fiecare pahar plin,""",""",bețivul trage câte-un suspin.,wisdom
284,"""De la pâine, putere""",""",""","""de la spirt, durere.""",wisdom
285,De moarte nimeni nu e gata,când,sosește ceasul.,death
286,De moarte nu te teme,și,de viață nu fii cu grijă.,death
287,"""De moarte și de nuntă, nimeni, niciodată""",""",""",nu poate fi gata.,death
288,De multe ori ai gură,și,n-ai limbă.,social
289,De nu era nasul,""",""",beleai obrazul.,wisdom
290,De nu știi ca Hristos,""",""",batâr ca Sfântul Petru.,divine
291,De omul viteaz,și,moartea face haz.,nature
292,"""De sfânt","sfânt să fii""","dar,de frică tot să știi.",divine
293,De spălat ce-i,""",""",o ling mâțele.,wisdom
294,De te potrivești paharului,""",""",nu ești om.,nature
295,De unde alergi,""",""",d-acolo mănânci.,wisdom
296,De unde nu-i,""",""",nici Dumnezeu nu cere.,wisdom
297,De-ar ști omul când are să moară,""",""",și-ar săpa singur groapa.,nature
298,De-ar ști omul ce-ar păți,nici,din casă n-ar ieși.,nature
299,Decât niciodată,""",""",mai bine mai târziu.,work
300,Decât sărac,""",""",mai bine drac.,work
301,Decât un an nicovală,""",""",mai bine trei zile ciocan.,work
302,Decât un car de minte,""",""",mai bine un dram de noroc.,wisdom
303,Decât viață cu necaz,""",""",mai bine moarte într-un ceas.,death
304,Degeaba ai trăit,dacă,pe nimeni n-ai iubit.,wisdom
305,Degetele să-mi trăiască,""",""",inele se găsesc.,wisdom
306,Depărtarea dragostei,nu,amestecă.,love
307,Din gură te unge,și,din inimă te frige.,love
308,Din inimă rea,""",""",rău gând purcede.,wisdom
309,Dintele când te doare,""",""",cu cleștele se domoale.,nature
310,Dinții i-au ieșit,""",""",mai sunt ochii.,work
311,Doar nu-s tuns,""",""",nici ras pe cap.,wisdom
312,Doi ochi văd mai bine,decât,unul.,work
313,Drac pe drac,nu,se trag de cap.,divine
314,Dracu’ stă în vale,și,prăvale carul în vale.,divine
315,Dracul când a îmbătrânit,""",""",atunci s-a călugărit.,divine
316,Dracul când n-are de lucru,""",""",își aprinde luleaua.,work
317,Dracul șade,și,în vârful acului.,divine
318,Dracul toate ar vrea să fie,""",""",numai ucenic nu.,work
319,Dracului la crâșmă-i place,că,la biserică n-are ce face.,divine
320,Dracului nu-i pasă,dacă,faci una sau mai multe cruci.,work
321,Dragoste chioară,pe,rogojină goală.,love
322,Dragoste cu sila,nu,se poate.,love
323,Dragostea are un dar,""",""","""când e dulce, când amar.""",love
324,Dragostea cea veche, ,îți șoptește la ureche.,love
325,Dragostea de apoi, ,e mai dulce ca cea dintâi.,love
326,Dragostea de nevastă,""",""",ca garoafa din fereastră.,love
327,Dragostea e oarbă,dacă,căsătoria îi găsește leacul.,love
328,Dragostea înțelege, ,toate limbile.,love
329,Dragostea nu e o moșie,""",""",ca să o iei cu chirie.,love
330,Dragostea seacă,""",""",cui dracu’ să-i placă.,love
331,Dragostele înșelate, ,strigă-n veci după dreptate.,love
332,Dragu-mi-e bădița spân,""",""",că-i și tânăr și bătrân.,love
333,Dumnezeu așa împarte,:,"""la unul prea mult, la altul, nimic.""",wisdom
334,Dumnezeu dă,dar,nu aduce acasă.,wisdom
335,Dumnezeu dă,""",""",Dumnezeu ia.,wisdom
336,Dumnezeu dă omului,dar,în traistă nu-i bagă.,nature
337,Dumnezeu giruiește,și,nebunul trage nădejde.,wisdom
338,Dumnezeu nu răsplatește ca dușmanul,ci,gonește cu anul.,social
339,După ce apune soarele,""",""",laudă ziua.,nature
340,Dupa ce-ți degeră urechea,degeaba,mai pui căciulă.,work
341,După furtună vine,și,vreme bună.,wisdom
342,După gură,""",""",lingură.,social
343,După moarte,""",""",pocăință.,death
344,După ploaie,""",""",căciulă de oaie.,nature
345,După poamă se cunoaște pomul,și,după faptă omul.,nature
346,După ultima baie,""",""",scapi de toate grijile.,wisdom
347,După vremea rea,și,senin.,wisdom
348,E bătut la cap,""",""",tocmai ca un țap.,work
349,E bine să fii stângaci,ca să,împuști pe dracu’.,divine
350,E om frumos,dar,năravul îl strică.,nature
351,Este tare de urechi,că,n-are două perechi.,wisdom
352,"""Fă-mă",mamă,"cu noroc"",și,m-azvârle-apoi și-n foc.",wisdom
353,Fă-te frate și cu dracu’,""",""",până treci podul.,divine
354,Fă-ți cruce mare,că,e dracu’ bătrân.,divine
355,Femeia cinstită, ,e soarele casei.,nature
356,Fete urâte la șaptesprezece ani,nu,sunt.,wisdom
357,Fiecare pentru sine,""",""",Dumnezeu pentru toți.,wisdom
358,Fiecare știe, ,unde-l doare măseaua.,wisdom
359,Fierbe sângele în el,""",""",ca într-un rac mort.,death
360,Frumosul la frumos trage,dar,noi sluții ce vom face?,nature
361,Frumusețea fără înțelepciune, ,este ca o floare în tină.,wisdom
362,Frumusețea la om,ca,floarea la pom.,nature
363,Frumusețea veștejește,dar,înțelepciunea crește.,wisdom
364,Fuge de dracu’,și,dă peste satana.,divine
365,Fuge de noroc,ca,dracul de tămâie.,divine
366,Fugi de noroc,""",""",da’ el după tine.,wisdom
367,"""Fugiți, călcâie""",""",""",că vă calc!,nature
368,Gândul nebunului,""",""",la capătul pământului.,wisdom
369,"""Gol ai venit, gol te duci""",""",""",cu tine d-aici nimic nu duci.,wisdom
370,Gura e ca apa și vântul,:,greu se oprește.,nature
371,Gura îndulcește,""",""",gura amărăște.,wisdom
372,Gura mereu curățată,""",""",de dureri este cruțată.,wisdom
373,Gură multă,""",""",treabă puțină.,social
374,Gura nu cere chirie,""",""",poate vorbi orice fie.,wisdom
375,Gura omului,numai,pământul o astupă.,nature
376,Gură rea,""",""",inimă rea.,love
377,Gura sacului o legi,dar,a satului niciodată.,wisdom
378,Gura se satură,dar,ochii niciodată.,wisdom
379,Gura tăcută,""",""",nu umblă bătută.,wisdom
380,Gura zice,""",""",vântul duce.,nature
381,Hoțul își bate joc de cinste,dar,la nevoie o cerșește.,wisdom
382,Iartă pe toți,""",""",numai pe tine nu.,work
383,"""Iartă-l","Doamne""","că,nu știe ce face.",wisdom
384,Îi arăți pe Dumnezeu,și,zice că e dracu’.,divine
385,Îi e mai mare urechea pe care iese,""",""",decât aceea pe care intră.,work
386,Îl caută moartea pe-acasă,și,el umbla prin vecini.,death
387,În ce apă te scalzi,""",""",în aceea te vei îneca.,nature
388,În dorul amorului,""",""",săruți gura cuptorului.,hardship
389,În inima smeritului, ,șede dracul grecește.,divine
390,Inima când se-nveselește,""",""",fața înflorește.,wisdom
391,Întâi capul să gândească,și,apoi limba să vorbească.,social
392,Înveți pe dracu’,să,dea cu pușca.,divine
393,Iubește cât ești tânăr,că,"""dacă-i muri, nimeni nu te va iubi.""",love
394,Iubirea nu se cumpără,""",""",ea vine de la sine.,love
395,Iubirea nu-i pojar,dar,"""când se aprinde, n-o mai poți stinge.""",love
396,Iubirea-i ca și focul,:,se aprinde și se stinge.,love
397,La apă cu măsură,""",""",la vin fără măsură.,nature
398,La așa cap,""",""",așa căciulă.,wisdom
399,La așa obraz,""",""",așa brici.,wisdom
400,La casa cu noroc, ,fierbe oala fără foc.,wisdom
401,La ce-i bună pocăința, ,după moarte.,wisdom
402,La Drăgășani,și,sfinții sunt cu nasurile roșii.,wisdom
403,La groapa altuia, ,e ușor să cânți aleluia.,wisdom
404,La însurătoare și la moarte,nu,se poate să n-ai parale.,death
405,La măseaua care te doare,""",""",te lovește limba mai des.,work
406,La soare te poți uita,dar,la dânsa ba.,nature
407,Laudă-mă gură,""",""",că ți-oi da friptură.,social
408,Laudă-te gură,că,alții nu se îndură.,social
409,Lesne a atârna tigva de coadă,dar,anevoie a o purta.,wisdom
410,Limba când greșește,""",""",adevărul grăiește.,social
411,Limba e dulce ca mierea,și,amară ca fierea.,social
412,Limba nu are case,""",""",se îndoaie după gând.,nature
413,Limba oase n-are,dar,oase sfărâmă.,social
414,Limba oase n-are,dar,"""unde atinge, doare.""",social
415,Limba scapă-n gură,""",""",spatele rămâne la măsură.,social
416,Lucrul cel mai scump e cinstea dar ce folos,""",""",unii o vând prea ieftin.,work
417,Lui îi crește barba,și,sub dânsul iarba.,wisdom
418,Lung în mână,""",""",scurt în vână.,wisdom
419,Mai bine cu capul netuns,decât,cu el tăiat.,work
420,Mai bine legumă puțină,și,dragoste multă.,love
421,Mai bine moarte cinstită,decât,viață pricopsită.,death
422,Mai bine pierzi un deget,decât,mâna toată.,work
423,Mai bine să cred ochii,decât,urechile.,work
424,Mai bine să fii odată om,decât,de două ori nimic.,nature
425,Mai bine să mori mâine,""",""",nu azi.,work
426,Mai bine să te însori de două ori,decât,să mori odată.,work
427,Mai mulți se îneacă în băutură,decât,în apă.,nature
428,Mâna altuia,nu,te scarpină cum îți place.,wisdom
429,Mănâncă sfinți,și,fată draci.,divine
430,Mândra bea și chefuiește,""",""",mândrul tace și plătește.,character
431,Mare e Dumnezeu,dar,meșter e și dracu’.,work
432,Marea că e mare și încă are fund,dar,inima omului.,nature
433,Mic ca acul,și,rău ca dracul.,wisdom
434,Mintea e bună,dacă,e soră și cu norocul.,wisdom
435,Moartea nu mai are moarte,""",""",cât o fi pământul.,death
436,Moartea nu spune,când,vine.,death
437,Moartea nu vine la noi,când,o chemăm.,death
438,Moartea voinicului,""",""",din mâna calicului.,death
439,Morții cu morții,""",""",viii cu viii.,wisdom
440,Muierea cu ochi frumoși, ,pe toți îi face voioși.,wisdom
441,Muierea curată,""",""",de miros te-mbată.,wisdom
442,Muierea înțeleaptă,""",""",coroana bărbatului.,love
443,Muierea tânără,ca,vinul nou fierbe.,love
444,Multe până la rai,dar,până-n iad e numai un gard ș-ăla-i tot spart.,divine
445,N-a pierdut nimenea norocul,""",""",să-l găsesc eu.,wisdom
446,N-am la ce muri,""",""",nici la ce trăi.,wisdom
447,N-are nici cap,""",""",nici coadă.,wisdom
448,Nașterea omului e pentru alții,;,moartea e a lui.,nature
449,Nevasta nu e cârpă,să,o descoși și să o lepezi.,wisdom
450,Nici cu viii,""",""",nici cu morții.,wisdom
451,Nici la deal,""",""",nici la vale.,wisdom
452,Nici nu-ți trebuie să fii frumos,când,ești norocos.,love
453,Norocu-i ca o scară,:,"""unul când suie, altul se coboară.""",wisdom
454,Norocu-i după,cum,și-l face omul.,nature
455,Norocul e nimic,""",""",înțelepciunea e totul.,wisdom
456,Norocul e schimbător,:,"""când nu știi să-l ții, el te lasă.""",wisdom
457,Norocul întâi râde,""",""",apoi plânge.,wisdom
458,Norocul ocolește locul,""",""",unde-i sfadă și batjocură.,wisdom
459,Nu ceea ce intră-n gură spurcă pe om,ci,ceea ce iese din gură.,nature
460,Nu e bețiv cine bea,ci,cel ce se îmbată.,wisdom
461,Nu fac viii, ,ce zic morții.,wisdom
462,Nu foarfecele bune fac croiala dreaptă,și,nu te ruga sfântului care nu te ascultă.,divine
463,Nu poți fi și cu dracul în suflet,și,cu sufletul în rai.,divine
464,Nu se știe cine trăiește,și,cine moare.,death
465,Nu sta,""",""",că-ți stă norocul.,wisdom
466,Nu te ruga de sfântul,care,nu-ți ajută.,divine
467,Nu toate femeile cu cheile în brâu, ,sunt gospodine.,wisdom
468,Nu-i așa de negru dracul,cum,îl fac babele.,divine
469,Nu-i bețiv,dar,setea îl omoară.,nature
470,Nu-i cum gândește omul,ci,cum vrea Domnul.,nature
471,Nu-i dracul drac,ca,străinul în conac.,divine
472,Nu-i frumos ce-i frumos,dar,e frumos ce-mi place mie.,love
473,Nu-i frumos cine se ține,""",""",îi frumos cui îi stă bine.,love
474,Nu-i viață fără vină,și,moarte fără pricină.,death
475,"""Nu-mi da","Doamne""","cât,pot răbda.",wisdom
476,Nu-mi place că-i frumos,dar,îmi place că-mi place.,love
477,Numai când moare omul, ,se cunoaște ce-a fost.,nature
478,O mână spală pe alta,și,"""amandouă, obrazul.""",wisdom
479,O mie de fricoși,nu,fac cât un viteaz.,wisdom
480,O venit vremea de-apoi,""",""",încărcată cu nevoi.,wisdom
481,Oamenii în sat nu întreabă de casa frumosului,dar,de-a mintiosului.,love
482,Ochi pentru ochi,și,dinte pentru dinte.,wisdom
483,Ochii sperie,""",""",picioarele bucură.,wisdom
484,Ochii văd,""",""",inima cere.,wisdom
485,"""Ochii văd","inima cere""","dar,e rău când n-ai putere.",wisdom
486,Om bun,dar,cu năravul dracului.,nature
487,Om frumos, ,fără ponos nu se poate.,nature
488,Om în trup destul de mare,și,minte de copil are.,nature
489,Omul astăzi este,""",""",mâine nu-i.,nature
490,Omul bătrân și nebun,""",""",leagă-l de gard și-i dă fân.,wisdom
491,Omul beat se trezește,dar,prostul niciodată.,nature
492,Omul calic și fudul,și,lui Dumnezeu i-i urât.,nature
493,Omul când suspină,și,dracului i-e milă.,nature
494,Omul cât trăiește,""",""",de noroc se plânge.,nature
495,Omul cu toate se deprinde,""",""",numai să vrea.,nature
496,Omul dacă se păzește,și,Dumnezeu îl grijește.,nature
497,"""Omul, ca oul""",""",""",cum îl atingi îndată se sparge.,nature
498,"""Omul, când e să se înece""",""",""",se agață și de un pai.,nature
499,"""Omul, când își pierde drumul""",""",""",nu găsește nici cărarea.,nature
500,"""Omul, când se pricopsește""",""",""",la ai săi nu se gândește.,nature
501,"""Omul, cât de bătrân să fie""",""",""",tot nu vrea să moară.,nature
502,"""Omul, cât îl lași""",""",""",atâta se întinde.,nature
503,Păcatele-s pe oameni,""",""",nu pe butuci.,social
504,Păcatul intră râzând,și,iese plângând.,divine
505,Păcatul mărturisit, ,este pe jumătate iertat.,divine
506,Păcatul vechi, ,aduce rușine nouă.,divine
507,Până ajungi la Dumnezeu,""",""",te mănâncă sfinții.,wisdom
508,Pântecele se satură,dar,ochii niciodată.,wisdom
509,Pântecele se umple,și,cu paie și cu fân.,wisdom
510,Părul când albește,""",""",inima se topește.,wisdom
511,Pe cap bun stă bine,și,o căciulă ruptă.,wisdom
512,Pe dracu-a căutat,""",""",pe dracu’ a găsit.,divine
513,Pe dracu' nici să-l vezi,""",""",nici să te vadă.,divine
514,Pe dracu’ du-l la cruce ori nu-l duce,""",""",om de pace nu-l vei face.,nature
515,Pe față sfinți,""",""",pe ascuns draci cumpliți.,divine
516,Pe unde iese graiul,""",""",iese și sufletul.,love
517,Pe-o ureche intră,și,pe alta iese.,wisdom
518,Pereții au urechi,și,străzile ochi.,wisdom
519,Picioarele nu-l mai țin,și,el strigă: “Adă vin!”.,work
520,Pielea rea și răpănoasă,ori,o bate ori o lasă.,wisdom
521,Plin de noroc, ,ca oaia de curnuți.,wisdom
522,Plini de barbă,și,goi de minte.,wisdom
523,Prost să fii,""",""",noroc să ai.,wisdom
524,"""Puiu","chiar de drac""","și,tot e frumos.",love
525,Rabdă inimă și taci,că,tu toate mi le faci.,love
526,Rabdă inimă și taci,""",""",ce-ai făcut să nu mai faci.,love
527,"""Rabdă","suflețele""","și,la bune și la rele.",wisdom
528,Rachiul nu te întărește,dar,te calicește.,nature
529,Râde dracul de porumbele negre,și,nu se vede pe el.,divine
530,Râde om de om,și,dracul râde de toți.,nature
531,Răsare soarele în toată ziua,""",""",dar nu se și vede întotdeauna.,nature
532,Roagă-te la Dumnezeu,și,muncește tot mereu.,wisdom
533,Rușinos,dar,sănătos.,wisdom
534,S-a dus la rai, ,cu cerga-n cap.,divine
535,S-a spânzurat,ca,dracu-n cânepă.,divine
536,Se hrănește,și,în piatră seacă.,wisdom
537,Se oblojește la nas,""",""",ca să-i treacă de deget.,wisdom
538,Se uită soarele îndărăt,""",""",se strică vremea.,nature
539,Se va întoarce ea,""",""",roata norocului.,wisdom
540,Șede,""",""",dar norocu-i crește.,wisdom
541,Șede dracul în baltă,și,râde de altul.,divine
542,Si capul de împărat,tot,cu sabia e tăiat.,wisdom
543,Și cu slănina-n pod,și,cu curechiul uns.,wisdom
544,Și dracul pare frumos,când,e tânăr.,love
545,Și fără cap,și,fără picioare.,wisdom
546,Și nasul miroase florile cele mai frumoase,și,din el iese zeama cea mai urâtă.,work
547,Și sfântul Petru vămuiește,cu,aur la porțile raiului.,divine
548,Și tina lucește,când,soarele o izbește.,nature
549,Și-a pierdut credința,ca și,Eva raiul.,divine
550,Și-a trăit traiul,""",""",și-a mâncat mălaiul.,divine
551,Și-a uitat Dumnezeu de el,""",""",numai dracu-l mai ține în slavă.,work
552,Soarele încălzește, ,și pe buni și pe răi.,wisdom
553,Soarele răsare,chiar,dacă nu cântă cocoșii.,nature
554,Știe numai Dumnezeu,și,vaca.,work
555,Stomacul cel tare,și,pietre mistuie.,nature
556,Sub mănușă stă ascunsă,și,cea mai urâtă mână.,work
557,"""Taci","limbă""","că,nu te doare capul.",wisdom
558,Tânăr lângă tânără,""",""",ca paiele lângă foc.,love
559,Țara moare de tătari,și,el bea cu lăutari.,death
560,Te spune nasul,că,îți place vinarsul.,wisdom
561,Ți-e milă de dracul,și,el scoate coarne.,divine
562,Ține capul jos,""",""",dar inima sus.,wisdom
563,Trăiește,ca,dracu-n apă mică.,nature
564,Trecui balta,""",""",luai alta.,wisdom
565,Trupul,""",""",sluga sufletului.,love
566,Umblă noaptea pe drum beat,ca,un câine turbat.,wisdom
567,Un Dumnezeu dă,și,zece iau.,wisdom
568,Un picior sănătos e mai cu putință,decât,două catalige.,work
569,Unde baba face,""",""",dracul nu desface.,divine
570,Unde dai,și,unde crapă.,nature
571,Unde e ața mai subțire,""",""",acolo se rupe.,work
572,Unde e dragoste multă,""",""",e și urâciune multă.,love
573,Unde e hoitul,""",""",acolo se adună corbii.,wisdom
574,Unde e nădejde multă,""",""",acolo este și deșertăciune.,wisdom
575,Unde este pace,și,lui Dumnezeu îi place.,wisdom
576,Unde gândești,și,unde nimerești.,wisdom
577,Unde înserează,""",""",acolo doarme.,wisdom
578,Unde intră cearta-n casă,""",""",de acolo norocul iese.,wisdom
579,Unde intră vinul,""",""",rușinea iese de-acolo.,wisdom
580,Unde nu este stăpân,""",""",nu este nici Dumnezeu.,wisdom
581,Unde nu intră soarele,""",""",intră boalele.,nature
582,Unde nu te doare,""",""",nu te legi.,wisdom
583,Unde nu-i cap,""",""",vai de picioare.,wisdom
584,Unde o mănâncă,""",""",acolo o scarpină.,wisdom
585,Unde vezi mătănii multe,""",""",departe să nu te muște.,wisdom
586,Unde-i dragoste,""",""",e și ceartă.,love
587,Unde-i dragoste puțină,""",""",lesne-i a găsi pricină.,love
588,Unde-i frică,""",""",îi și rușine.,character
589,Unde-i mai mare sfada,""",""",acolo-și vâră dracul coada.,work
590,Unde-i minte multă,""",""",e și răbdare multă.,wisdom
591,Unde-i tot la loc,""",""",este și noroc.,wisdom
592,Unul trage la dracu’,și,altul la tată-său.,divine
593,Vai de cap,când,talpa-i mâncată pân’ la os.,wisdom
594,Vai de moarte fără râs,și,de nuntă fără plans!,death
595,Vai de picioarele,care,poartă cap nebun.,wisdom
596,Viața urăște,iar,moartea împacă.,death
597,Viața-i scurtă,""",""",moartea-i veșnică.,death
598,Vinul ai îndrăgit,""",""",casa ți-ai prăpădit.,wisdom
599,Voiește,și,vei putea.,wisdom
600,Zicând numai: “miere”,""",""",gura nu se face dulce.,work
601,Ziua se arată sfântă,și,noaptea ține pe dracul în brațe.,divine
602,Zorile până se scoală,""",""",se duce zama din oală.,wisdom
603,De când s-au lărgit ulițele,""",""",au pierit credințele.,wisdom
604,Decât la anul un bou,""",""",mai bine astăzi un ou.,work
605,Decât o mie de ani răi,""",""",mai bine unul bun.,wisdom
606,Fie iarna cât de rece,""",""",numai Mărțișor de-ar trece.,work
607,Fie orișicât de rece,""",""",numai Făurar de-ar trece.,work
608,Ianuarie începe anul,dar,e mijlocul iernii.,wisdom
609,"""Iarna-i grea, omătul mare""",""",""",vai de omul care n-are.,nature
610,I-a venit vremea,dar,nu i-a venit ceasul.,wisdom
611,Rabdă un ceas,și,vei trăi un an.,wisdom
612,Scoală-te de dimineață,""",""",dacă vrei să-ți lungești viața.,wisdom
613,Vara-și râde în nas,""",""",iarna-și plânge în gură.,social
614,Vine toamna cea bogată,""",""",de toată lumea lăudată.,social
615,Vremea anevoie vine,și,fuge numaidecât.,work
616,Ziua mare,""",""",lumânare nu trebuie.,wisdom
617,Apa cât de mare vine,""",""",piatra tot în vad rămâne.,wisdom
618,Apa trece,""",""",pietrele rămân.,wisdom
619,Apa tulbure,""",""",e bucuria pescarilor.,wisdom
620,Ceea ce vântul ne-aduce,""",""",curând de la noi se duce.,nature
621,Cine seamănă vânt,""",""",culege furtună.,nature
622,Dacă nu e ploaie,""",""",fie și ninsoare.,nature
623,Dacă nu știi ce-i apa,""",""",nu te sui în luntre.,wisdom
624,De nu plouă,""",""",măcar picură.,nature
625,Din vânt a venit,""",""",în vânt s-a dus.,nature
626,Ploaia de dimineață, ,e ca hora de babe.,wisdom
627,Picătura cea mai de pe urmă, ,vasul găurește.,work
628,Ploaia mărunțică, ,multă vreme ține.,wisdom
629,Unde vede gârlă,""",""",închide ochii.,wisdom
630,Vântul aduce,""",""",vântul duce.,nature
631,Vântul aprinde focul,și,tot el îl stinge.,nature
632,Vântul ațâță focul,și,vorba ațâță vrajba.,nature
633,Vântul bate,""",""",câinii latră.,nature
634,Aurul și în gunoi,""",""",tot aur rămâne.,wisdom
635,Fieru-i fier,și,tot îl mănâncă rugina.,wisdom
636,"""Focul, când se-ncinge""",""",""",greu se stinge.,hardship
637,Când e un singur pelin pe imaș,""",""",de departe se vede.,wisdom
638,Copacul când se sfărâmă,""",""",și p-alții mici cu el dărâmă.,nature
639,Copacul daca înfrunzește,""",""",umbrește și pe alții.,nature
640,Dacă floare ți-o păzești,""",""",rob bun dobândești.,wisdom
641,Dacă pădurea n-ar da coadă securei,""",""",pădurea n-ar putea fi tăiată.,nature
642,"""Floarea, cum se deschide""",""",""",se vede ce rod dă.,nature
643,"""Floarea, până n-o pui la nas""",""",""",n-o cunoști ce miros are.,nature
644,Flori frumoase sunt multe,dar,nu toate au miros dulce.,wisdom
645,Florile trandafirului se scutură,dar,spinii rămân.,wisdom
646,Toți copacii înfrunzesc,dar,nu toți dau roade.,nature
647,Trestia care se pleacă vântului,""",""",niciodată nu se frânge.,nature
648,"""Fructul, dacă se desprinde de pom""",""",""",înapoi nu se mai întoarce.,nature
649,Pe deasupra măr frumos,""",""",da-năuntru-i viermănos.,love
650,Poama coaptă nu se caută după față,""",""",ci după dulceață.,wisdom
651,Via cere sapă adâncă și deasă,""",""",ca să ne dea nouă leac de viață.,nature
652,Albina are și miere,""",""",are și fiere.,wisdom
653,Albina te duce la miere,și,musca la scârnă.,wisdom
654,Arde casa,și,șoarecii-și iau masa.,wisdom
655,Are văz de lup,și,auz de vulpe.,wisdom
656,Ar împușca iepurele,""",""",dar n-are cine i-l presura cu sare pe coadă.,wisdom
657,Armăsarul când îmbătranește,""",""",ajunge la râșniță.,wisdom
658,Ba e rață,""",""",ba-i rățoi.,wisdom
659,Boii ară,și,caii mănâncă.,wisdom
660,Boul are limbă mare,""",""",dar nu grăiește.,wisdom
661,Boii uniți la pășune,""",""",lupul nu-i poate răpune.,wisdom
662,Bou la bou rage,""",""",prost la prost trage.,wisdom
663,Boul se leagă de coarne,și,omul de limbă.,nature
664,Calul bun se cunoaște în mers,""",""",omul bun se cunoaște în prietenie.,nature
665,Calul potcovit,""",""",niciodată nu lunecă pe gheață.,nature
666,Calul se cată de dinți,și,omul se cată de părinți.,nature
667,Calul trage la traista cu ovăs,și,omul la crâșma cu vin ales.,nature
668,Calului să-i dai mâncare cu sacul,și,să-l mâi ca pe dracul.,nature
669,Calul unde se trântește,""",""",acolo bate-l.,nature
670,Capra cât de bătrână,""",""",vrea să lingă și ea sare.,wisdom
671,"""Capra, cât de râioasă""",""",""",tot ține coada sus.,wisdom
672,Capra sare masa,""",""",iada sare casa.,divine
673,Capra face,""",""",oaia trage.,wisdom
674,Câinele care s-a înțeles cu lupii,""",""",nu păzește turma.,wisdom
675,"""Câinele, că-i câine""",""",""",dar și el își ia lumea în cap de la o vreme.,social
676,Câinele latră,""",""",hoțul tace și fură.,wisdom
677,Câinele latră,""",""",iar lupul tace și face.,wisdom
678,Câinele latră,""",""",ursul merge.,wisdom
679,Când ai pisică bătrână,""",""",șoarecii-n casă-ți fac stână.,wisdom
680,Când ai vreo grabă,""",""",atuncea se sperie calul.,nature
681,Când e bolnav leul,""",""",iepurii îi sar în spinare.,wisdom
682,Când mor vitele de boală,""",""",toate javrele se îngrașă.,wisdom
683,Când pisica nu-i acasă,""",""",șoarecii joacă pe masă.,wisdom
684,Când se bat cap în cap berbecii,""",""",numai oaie sa nu fii.,nature
685,Când se ivește lupul,""",""",vulpea își caută gaura.,wisdom
686,Când se tund oile,""",""",tremură mieii.,wisdom
687,Când zburdă măgarii,""",""",se strică vremea.,wisdom
688,Cât de blând să fie motanul,""",""",tot zgârie când se mânie.,wisdom
689,Ce a mâncat lupul,""",""",e bun mâncat.,wisdom
690,Ce intră în gura lupului,""",""",anevoie iese.,wisdom
691,Ce naște din mâță,""",""",șoareci mănâncă.,wisdom
692,Ce naște din ogar,""",""",iepuri prinde.,wisdom
693,Cine câinele și-l iubește,""",""",n-are frică de tâlhari.,love
694,Cine e mușcat de șarpe,""",""",se păzește și de șopârlă.,wisdom
695,Cine-i azi purcel,""",""",porc se face mâine.,wisdom
696,Cine încalecă măgarul,""",""",trebuie să-i sufere și năravul.,nature
697,Cine n-are gâini,""",""",de vulpe nu se păzește.,wisdom
698,Cine purcei crește,""",""",porci va avea.,wisdom
699,Cine se face oaie,""",""",îl mănâncă lupii.,nature
700,Cine se ia după muscă,""",""",ajunge la bălegar.,wisdom
701,Cine se simte cu musca pe căciulă,""",""",n-are hodină liniștită.,character
702,Cine trăiește la un loc cu porcii,""",""",miroase rău la toți câinii.,wisdom
703,Cine umblă după doi iepuri,""",""",nu prinde niciunul.,wisdom
704,Cine vrea să se facă oaie,""",""",se găsește cine să-l despoaie.,nature
705,Cine vrea să miluiască un câine,""",""",găsește câteva firimituri în casă.,wisdom
706,Cioara e tot cioară,""",""",ia pruna și zboară.,wisdom
707,Cocoșească-se găina unde vrea,""",""",numai să se ouă acasă.,work
708,Cocoșul care cântă noaptea,""",""",îl mănancă vulpea.,wisdom
709,Cucul cântă,iar,leneșul stă și numără.,wisdom
710,Cu un chitic,""",""",tot calic.,nature
711,Cu un rac,""",""",tot sărac.,wealth
712,Dacă ar crește mintea pe toate cărările,""",""",ar paște-o și măgarii.,wisdom
713,Dacă ar face cocoșul ouă,""",""",ar fi găină.,wisdom
714,Dacă lupul s-ar teme de ploaie,""",""",ar purta manta.,nature
715,Decât o săptămână vrabie,""",""",mai bine o zi șoim.,work
716,Decât un an cioară,""",""",mai bine șoim o vară.,work
717,De te latră vreun câine,""",""",umple-i gura cu pâine.,wisdom
718,De unde nu te gândești,""",""",de-acolo sare iepurele.,wisdom
719,După ce leul moare,""",""",mulți se găsesc să-l jupoaie.,death
720,E cât un țânțar,și,se crede armăsar.,wisdom
721,Fură oul de sub găină,și,vițelul din vacă.,nature
722,"""Furnica, când îi vine moartea""",""",""",scoate aripi și zboară.,death
723,Găina bătrână face zama bună,dar,nici zama de pui proastă nu-i.,wisdom
724,"""Ghici, boule""",""",""","""pricepe-te, măgarule.""",wisdom
725,Greierele în vremea agoniselei cântă,și,iarna cere să se împrumute.,wisdom
726,Hrănește-l pe lup cât l-ai hrăni,""",""",el tot la pădure trage.,wisdom
727,I-a ieșit ursu-n cale,și,îi pare că pușca-i moale.,nature
728,Iepurașul nu-i fricos,""",""",numai că se cam dă la dos.,work
729,"""Iepurele, de unde sare""",""",""",urmă n-are.,wisdom
730,Lac de ar fi,""",""",broaște sunt destule.,wisdom
731,Iepuroaica fată,și,iepurele de inimă se vaietă.,love
732,Încuie grajdul,""",""",după ce i-au mâncat lupii boii.,wisdom
733,Într-un sat fără câini buni de pază,""",""",mulți musafiri nepoftiți s-ar plimba.,wisdom
734,Jivinelor le stă bine în pădure,și,oamenilor între oameni.,social
735,La calul nărăvit,""",""",pinten ascuțit.,nature
736,La mâncare lup,și,la treabă iepure.,wisdom
737,Lăcusta-i mititică,dar,tare mult strică.,wisdom
738,Leagă prietenie cu câinele,numai,nu lăsa bâta din mână.,work
739,Lupul își schimbă părul,dar,năravul ba.,wisdom
740,Lupul moare bătrân,și,de rele tot e bun.,wisdom
741,Mare-i puterea boului,dar,și un copil îi pune funia-n coarne.,wisdom
742,Măgar s-a dus,""",""",măgar s-a întors.,wisdom
743,"""Mâța, dacă nu ajunge la slanină""",""",""",zice că pute.,wisdom
744,Miluește câinele,""",""",de vrei să nu te muște.,wisdom
745,Moartea lupului,""",""",sănătatea oilor.,death
746,Mulți câini îl latră pe urs,dar,niciunul nu-l mușcă.,wisdom
747,"""Musca, deși nu mușcă tare""",""",""",tot ți-aduce supărare.,wisdom
748,Nici cal,""",""",nici măgar.,nature
749,Nici curcă,""",""",nici curcan.,wisdom
750,Nici din câine slănină,""",""",nici din cățea smântână.,wisdom
751,Nicio frică de furnică,""",""","""de țânțar, nici habar.""",character
752,Nu crede capra,că,nu va roade pomul.,nature
753,Nu întărâta viesparul,că,te mușcă mai rău albinele.,wisdom
754,Nu te speria de câinele care latră,ci,de cel care se apropie pe furiș.,wisdom
755,"""Oaia, cât de hoață ar fi""",""",""",nimeni n-o va bănui.,wisdom
756,Oaia se duce la scai,""",""",nu scaiul la oaie.,nature
757,Oaia unde paște,""",""",acolo își pierde lâna.,wisdom
758,Oile grămadă merg,""",""",caprele se aleg.,wisdom
759,Oricâtă apa ar bea un pește,""",""",toată o scoate pe urechi.,wisdom
760,Pasărea se cunoaște după cântec,și,omul după vorbă.,nature
761,Pasărea se prinde cu grăunțe,""",""",omul cu minciunile.,nature
762,Pe dinafară miel se vede,""",""",pe dinăuntru lup întreg.,wisdom
763,Pe lup mulți câini îl latră,dar,puțini îl încolțesc.,wisdom
764,Pe măgar unde-l legi,""",""",acolo rămâne.,wisdom
765,Pe unde trece lupul,""",""",i se cunoaște urma.,wisdom
766,Peștele caută unde-i mai adânc,iar,omul unde-i mai bine.,nature
767,"""Pisica, cum o dai""",""",""",tot în picioare cade.,wisdom
768,"Porcul tot strânge, se-ngrașă bine",dar,"pentru alții, nu pentru sine.",wisdom
769,Porcului îi place în glod,iar,bețivului în crâșmă.,wisdom
770,Puii care vor să zboare înainte de vreme,""",""",cad și se prăpădesc.,wisdom
771,Puricele cât de mic,""",""",sare cât o căprioară.,wisdom
772,Râde rața de baltă,și,baba de fată.,wisdom
773,S-a dus bou,și,s-a întors vacă.,nature
774,Șade pielea ursului în târg,și,ursul în pădure.,wisdom
775,"""Șarpele, când îl doare capul""",""",""",iese la drum.,wisdom
776,"""Sarpele, cât de mult îl vei mângâia""",""",""",el tot de va mușca.,wisdom
777,Șarpele până nu-l calci,""",""",nu te mușcă.,nature
778,Și câinele iese din iarnă,dar,numai pielea lui știe cum.,work
779,Și cu oile toate,și,cu lupii prieteni nu se poate.,social
780,Și măgarul are patru picioare,dar,nu e cal.,nature
781,Și păianjenul țese pânză,dar,din pânza lui nu se fac haine.,wisdom
782,Șoarecelui nu-i lipsește,că,din vreme-si grămădește.,wisdom
783,Tot boul l-am mâncat,și,la coadă ne-am ostenit.,wisdom
784,Toți câinii bat,iar,el șede-n pat.,wisdom
785,Trage nădejde,ca,ursul de coadă.,wisdom
786,Trăiești cu lupii,""",""",urli ca lupii.,wisdom
787,Unde a sărit capra,""",""",sare și iada.,divine
788,Unde cântă cocoși mulți,""",""",acolo se face ziuă târziu.,wisdom
789,Unde nu e iarbă verde,""",""",nu pasc oile.,wisdom
790,Unde nu sunt boi,""",""",ieslele sunt curate.,wisdom
791,Unde umblă cârtița,""",""",i se cunosc urmele.,wisdom
792,Unde vulpea nu ajunge,""",""",zice că-i ajunge.,wisdom
793,Urâtă pasăre e aceea,care,își spurcă cuibul.,nature
794,Vacă pe vacă se linge,și,porc pe porc se scarpină.,nature
795,Vaci n-avem,""",""",brânză mâncăm.,wisdom
796,Vai de dobitoc,când,nu-l vede stăpânul.,wisdom
797,Vai de pasărea,ce,scapă de colivie și cade în laț.,nature
798,Vai de târla fără câini,și,de casa fără stăpâni.,wisdom
799,Vitele se adapă cu apă,și,oamenii cu vorbe adânci.,nature
800,Vițel s-a născut,""",""",bou a murit.,wisdom
801,Vorbești de lup,și,lupu-i la ușă.,wisdom
802,Vrabia-i tot pui,""",""",dracul știe de când este.,divine
803,Vulpea moartă-n cale o vezi,și,parcă tot nu o crezi.,nature
804,Vulpea nu se teme de vânătorul,care,se laudă seara.,wisdom
805,Zăbala de argint,nu,face mai bun calul.,wisdom
806,Nu averea face pe om,ci,omul face averea.,nature
807,Omul are un dulce,și,un amar.,nature
808,"""Omul, ca lumânarea, când luminează""",""",""",atunci se sfârșește.,nature
809,Omul caută leac,unde,simte că-l doare.,nature
810,"""Omul, când nu are ce lucra""",""",""",își face de lucru.,nature
811,"""Omul, când se bolnăvește""",""",""",cel mai mic îi poruncește.,nature
812,"""Omul, cât trăiește""",""",""",dușmanii și-i sporește.,nature
813,Omul cel mai iscusit,uneori,e păcălit.,nature
814,Omul cu meșteșug,nu,piere.,nature
815,Omul cu de toate se deprinde,""",""",numai să vrea.,nature
816,"""Omul, dând peste nevoie""",""",""",multe face fără voie.,nature
817,Omul de ce-i place,""",""",de aceea se îngrașă.,nature
818,Omul de nimic nu se teme,ca,de bătaie.,nature
819,Omul deștept cumpără vara sanie,și,iarna căruță.,nature
820,Omul e dator,când,nu e dator cu nimic.,nature
821,Omul e dator să muncească,""",""",să nu-l găsească moartea șezând.,nature
822,Omul este ca oaia,""",""",lesne se ia după altul.,nature
823,Omul este mai slab ca o floare,și,mai tare ca o piatră.,nature
824,Omul este nesățios,:,"""cu cât are, tot ar mai vrea să aibă.""",nature
825,Omul este tare ca fierul,și,slab ca oul.,nature
826,Omul fără prieteni, ,e ca stânga fără dreapta.,nature
827,Omul fără boi, ,e ca robul legat de mâini.,nature
828,Omul fără muiere,""",""",ca un om fără cămașă.,nature
829,Omul fără soție,""",""",ca o casă pustie.,love
830,Omul harnic caută a aduna la bogății,ca,furnica la mușuroi.,nature
831,Omul își schimbă mintea,ca,o haină în toate zilele.,nature
832,"""Omul",la nevoie,"se prinde"",și,de ascuțișul sabiei.",nature
833,Omul moare,dar,faptele sale se pomenesc în veci.,nature
834,Omul nu caută ce-i în inimă,ci,ce-i în gură.,nature
835,Omul nu iese cu dosul la oameni,ci,cu obrazul.,nature
836,Omul nu trăiește să mănânce,ci,manâncă să trăiască.,nature
837,Omul oricât trăiește,""",""",învățând se folosește.,nature
838,Omul poate povățui pe altul,dar,pe sine niciodată.,nature
839,"""Omul prost, dacă nu e fudul""",""",""",nu are niciun haz.,nature
840,Omul seamănă cu apa,""",""","""dacă stă mult, se strică.""",nature
841,Omul se ține de cuvânt,și,boul de coarne.,nature
842,Omul trage la om,și,dobitocul la dobitoc.,nature
843,Omului îî plac toate,dar,să le roadă nu poate.,nature
844,Scump îi omul,""",""",ieftin îi omul.,nature
845,"""Tot omul, când e tânăr""",""",""",e frumos.,love
846,Una spune omul,și,alta face Domnul.,nature
847,Lumea-i mare,și,capăt n-are.,nature
848,Cine n-are cap,""",""",nu-l doare.,wisdom
849,Cu un gând să se ducă,""",""",cu zece nu.,wisdom
850,Mâna care dă,nu,se mușcă.,wisdom
851,Patru ochi văd mai bine,decât,doi.,work
852,Mintea,nu,se cumpără cu bani.,wisdom
853,Cinstea cu rușinea,nu,pot sta împreună.,nature
854,Ce n-a învățat Ioniță,""",""",nu mai învață Ion.,wisdom
855,Ce știi,""",""",nu duci în spate.,wisdom
856,Cine are carte,""",""",are-n viață parte.,wisdom
857,Cine învață la tinerețe,""",""",se odihnește la bătrânețe.,wisdom
858,Cine nu învață la tinerețe,""",""",va plânge la bătrânețe.,wisdom
859,Cine știe carte,""",""",ajunge departe.,wisdom
860,Cine știe carte,""",""",are patru ochi.,wisdom
861,Cu cât mai multe vezi,""",""",cu atât mai multe înveți.,work
862,E bine să fii învățat,dar,și umblat.,wisdom
863,Invață de mititel,că,ți-a fi mai ușurel.,work
864,Învățătura nu se câștigă cu bani,dar,se câștigă cu ani.,wealth
865,Lesne a învăța,""",""",greu a face.,hardship
866,Meșteșugul vreme cere,""",""",nu se-nvață din vedere.,wisdom
867,Multe greșești,""",""",multe înveți.,wisdom
868,Mult umbli,""",""",mult înveți.,wisdom
869,Nevoia învață pe om,și,nuiaua pe copil.,nature
870,Nimenea nu poate să zică, ,acuma le știu pe toate.,wisdom
871,Nu câte știi,ci,cum le știi.,wisdom
872,Nu e omul niciodată bătrân,când,e vorba de învățătură.,nature
873,Omul care știe carte,""",""",de toate are parte.,nature
874,Omul fără învățătură e,ca,pământul fără udătură.,nature
875,Până nu dai cu capul de toți pereții,""",""",nu te îndrepți.,wisdom
876,Școala este locul,unde,îți țeși norocul.,wisdom
877,Știe multe,dar,mărunte.,wisdom
878,Foaie verde-a bobului,""",""",scumpă-i minte omului.,nature
879,Gura înțeleptului când se deschide,""",""",tu închide pe a ta.,wisdom
880,Inima înțeleptului e în limbă,și,a nebunului în gură.,wisdom
881,Înțeleptul adună,și,prostul risipește.,wisdom
882,Înțeleptul făgăduiește,și,nebunul trage nădejde.,wisdom
883,Înțeleptul tace,și,face.,wisdom
884,Omul înțelept face ce poate,""",""",nu ce vrea.,nature
885,De vorbă bună,nu,te doare gura.,wisdom
886,Vorbele cele ferite,""",""",în piață și-n moară-s vorbite.,wisdom
887,Cu curaj și cu silință,""",""",izbutești la orice te îndeletnicești.,character
888,Omul vrednic se face și luntre și punte,și,iese la mal.,nature
889,Nu căuta ce am fost,""",""",vezi acum ce sunt.,wisdom
890,Eu am ajuns de râs,și,tu de ocară.,wisdom
